{"count":1024,"averages":{"preflop_avg":0.22082031249999967,"flop_avg":0.21727539062499984,"turn_avg":0.2099121093750004,"river_avg":0.21609375000000164}}