{"count":1024,"averages":{"preflop_avg":0.465869140625,"flop_avg":0.4688378906249996,"turn_avg":0.46596679687500014,"river_avg":0.4667675781250029}}