{"count":1024,"averages":{"preflop_avg":0.16795898437499968,"flop_avg":0.17001953125000005,"turn_avg":0.16917968750000006,"river_avg":0.17587890625}}