{"count":1024,"averages":{"preflop_avg":0.3685449218750004,"flop_avg":0.3666992187499999,"turn_avg":0.3635351562499993,"river_avg":0.3680566406249972}}