{"count":1024,"averages":{"preflop_avg":0.2637988281250002,"flop_avg":0.2663964843749998,"turn_avg":0.2624999999999996,"river_avg":0.25719726562499906}}