{"count":1024,"averages":{"preflop_avg":0.3166894531249995,"flop_avg":0.3162988281249999,"turn_avg":0.3201269531249999,"river_avg":0.3115722656250001}}